{
  "Fishbridge Garden Dog Run": {
    "x_axis": 40.7092766,
    "y_axis": -74.001579
  },
  "Little Bay Park Dog Run": {
    "x_axis": 40.7900679,
    "y_axis": -73.786428
  },
  "Canine Court Dog Run": {
    "x_axis": 40.8988805,
    "y_axis": -73.895285
  },
  "Tompkins Square Park Dog Run": {
    "x_axis": 40.7264295,
    "y_axis": -73.981784
  },
  "Dyker Beach Park Dog Run": {
    "x_axis": 40.6091564,
    "y_axis": -74.019957
  },
  "Sherry Dog Run": {
    "x_axis": 40.7412998,
    "y_axis": -73.898841
  },
  "Owl's Head Park Dog Run": {
    "x_axis": 40.6400406,
    "y_axis": -74.035216
  },
  "Madison Square Park Dog Run": {
    "x_axis": 40.7421893,
    "y_axis": -73.987991
  },
  "Little West Dog Run": {
    "x_axis": 40.7074986,
    "y_axis": -74.016274
  },
  "Carl Schurz Park Large Dog Run": {
    "x_axis": 40.7751302,
    "y_axis": -73.943697
  },
  "Fox Playground Dog Run": {
    "x_axis": 40.6325221,
    "y_axis": -73.924041
  },
  "Riverside Park Dog Run (105th St)": {
    "x_axis": 40.8025139,
    "y_axis": -73.971365
  },
  "Bloomingdale Park Dog Run": {
    "x_axis": 40.5334003,
    "y_axis": -74.210596
  },
  "Soundview Park Dog Run": {
    "x_axis": 40.8190125,
    "y_axis": -73.877586
  },
  "Riverside Park Dog Run 72nd St": {
    "x_axis": 40.8096051,
    "y_axis": -73.967289
  },
  "Cooper Park Dog Run": {
    "x_axis": 40.715383,
    "y_axis": -73.935945
  },
  "Highbridge Park Dog Run": {
    "x_axis": 40.855988,
    "y_axis": -73.925017
  },
  "North End Dog Run": {
    "x_axis": 40.7167736,
    "y_axis": -74.014625
  },
  "Veteran's Grove Dog Run": {
    "x_axis": 40.7426611,
    "y_axis": -73.87757
  },
  "Manhattan Beach Dog Run (Oriental Boulevard)": {
    "x_axis": 40.5778771,
    "y_axis": -73.94166
  },
  "Hackett Park Dog Run": {
    "x_axis": 40.6969561,
    "y_axis": -75.240978
  },
  "Washington Square Park Dog Run": {
    "x_axis": 40.7307044,
    "y_axis": -73.99863
  },
  "DeWitt Clinton Park Large Dog Run": {
    "x_axis": 40.7680424,
    "y_axis": -73.99423
  },
  "Stuyvesant Square Dog Park": {
    "x_axis": 40.7339465,
    "y_axis": -73.984105
  },
  "Corlears Hook Park Dog Run": {
    "x_axis": 40.7116667,
    "y_axis": -73.979722
  },
  "Conference House Park Dog Run": {
    "x_axis": 40.5005834,
    "y_axis": -74.251247
  },
  "Murray Playground Dog Run": {
    "x_axis": 40.7468739,
    "y_axis": -73.948166
  },
  "Dog Bone Run": {
    "x_axis": 40.8837443,
    "y_axis": -73.8851033
  },
  "East River Esplanade Waterfront Dog Run": {
    "x_axis": 40.7621183,
    "y_axis": -73.962544
  },
  "Pier 84 Dog Run": {
    "x_axis": 40.763494,
    "y_axis": -74.000423
  },
  "St. Nicholas Park Dog Run": {
    "x_axis": 40.8182398,
    "y_axis": -73.948593
  },
  "Riverside Park South Dog Run": {
    "x_axis": 40.7808422,
    "y_axis": -73.987191
  },
  "Sirius Dog Run": {
    "x_axis": 40.7120237,
    "y_axis": -74.01694
  },
  "J. Hood Wright Park Dog Run": {
    "x_axis": 40.8465496,
    "y_axis": -73.94213
  },
  "Tribeca Dog Run": {
    "x_axis": 40.7161657,
    "y_axis": -74.012082
  },
  "Dimattina Park Dog Run - South": {
    "x_axis": 40.6795368,
    "y_axis": -74.003065
  },
  "Seton Park Dog Run": {
    "x_axis": 40.885941,
    "y_axis": -73.916509
  },
  "Morningside Park Dog Run": {
    "x_axis": 40.8044,
    "y_axis": -73.959306
  },
  "Pelham Bay Park Dog Run": {
    "x_axis": 40.8667516,
    "y_axis": -73.81011
  },
  "McGolrick Park Dog Run": {
    "x_axis": 40.7244763,
    "y_axis": -73.94335
  },
  "Rockaway Freeway Dog Park": {
    "x_axis": 40.591178,
    "y_axis": -73.808902
  },
  "Lou Lodati Dog Park": {
    "x_axis": 40.7472831,
    "y_axis": -73.921782
  },
  "DiMattina Park Dog Run - North": {
    "x_axis": 40.6795368,
    "y_axis": -74.003065
  },
  "Bellevue South Park Dog Run": {
    "x_axis": 40.739959,
    "y_axis": -73.97833
  },
  "Sternberg Park Dog Run": {
    "x_axis": 40.706162,
    "y_axis": -73.946677
  },
  "Thomas Jefferson Park Dog Run": {
    "x_axis": 40.7933578,
    "y_axis": -73.935234
  },
  "Carl Schurz Park Small Dog Run": {
    "x_axis": 40.7751302,
    "y_axis": -73.943697
  },
  "Riverside Park Dog Run (87th St)": {
    "x_axis": 40.7905171,
    "y_axis": -73.98057
  },
  "Herbert Von King Park Dog Run": {
    "x_axis": 40.689612,
    "y_axis": -73.946732
  },
  "Underbridge Dog Run": {
    "x_axis": 40.7338949,
    "y_axis": -73.845205
  },
  "Pier 6 Dog Run": {
    "x_axis": 40.692729,
    "y_axis": -74.000106
  },
  "Fort Independence Playground Dog Run": {
    "x_axis": 40.8815687,
    "y_axis": -73.895887
  },
  "Union Square Park Dog Run": {
    "x_axis": 40.7358633,
    "y_axis": -73.991084
  },
  "DeWitt Clinton Park Small Dog Run": {
    "x_axis": 40.7680424,
    "y_axis": -73.99423
  },
  "Hillside Park Dog Run": {
    "x_axis": 40.701511,
    "y_axis": -73.99438
  },
  "Greenwood Dog Run E 5th St.": {
    "x_axis": 40.6494214,
    "y_axis": -73.976415
  },
  "Silver Lake Dog Run": {
    "x_axis": 40.6264393,
    "y_axis": -74.09275
  },
  "Ewen Park Dog Run": {
    "x_axis": 40.8822833,
    "y_axis": -73.910033
  },
  "Riverside Park Dog Run (W. 142nd St.)": {
    "x_axis": 40.8209817,
    "y_axis": -73.943488
  },
  "Washington Park Dog Run": {
    "x_axis": 40.6730055,
    "y_axis": -73.985774
  },
  "Marcus Garvey Park Dog Run": {
    "x_axis": 40.8044257,
    "y_axis": -73.943763
  },
  "Williamsbridge Oval Dog Run": {
    "x_axis": 40.8776938,
    "y_axis": -73.877713
  },
  "Oneida Run": {
    "x_axis": 40.899519,
    "y_axis": -73.873175
  },
  "Coleman Oval Park Dog Run": {
    "x_axis": 40.7111792,
    "y_axis": -73.99324
  },
  "Robert Moses Playground Dog Run": {
    "x_axis": 40.7482824,
    "y_axis": -73.969596
  },
  "Adam Yauch Park Dog Run": {
    "x_axis": 40.6920679,
    "y_axis": -73.998883
  },
  "Tribeca Dog Park": {
    "x_axis": 40.7162692,
    "y_axis": -74.008632
  },
  "Fort Tryon Park Dog Run": {
    "x_axis": 40.8625608,
    "y_axis": -73.9313
  },
  "Homer's Run Dog Park": {
    "x_axis": 40.871285,
    "y_axis": -73.921675
  },
  "Franz Sigel Park Dog Run": {
    "x_axis": 40.823285,
    "y_axis": -73.925543
  },
  "Rocky's Dog Run": {
    "x_axis": 40.8410018,
    "y_axis": -73.945109
  },
  "Wolfe's Pond Park Dog Run": {
    "x_axis": 40.519141,
    "y_axis": -74.190221
  },
  "Peter Detmold Park Dog Run": {
    "x_axis": 40.753123,
    "y_axis": -73.96409
  },
  "Brooklyn Bridge Park Dog Run": {
    "x_axis": 40.7039888,
    "y_axis": -73.988511
  },
  "McCarren Park Dog Run": {
    "x_axis": 40.7200908,
    "y_axis": -73.952887
  },
  "Robin Kovary Run for Small Dogs": {
    "x_axis": 40.7301939,
    "y_axis": -73.997575
  },
  "Cooper Park Small Dog Run": {
    "x_axis": 40.715946,
    "y_axis": -73.937229
  },
  "Theodore Roosevelt Park Dog Run": {
    "x_axis": 46.978965,
    "y_axis": -103.53871
  },
  "Ida Court Park": {
    "x_axis": 40.5384576,
    "y_axis": -74.186931
  },
  "Hunters Point South Park Dog Run": {
    "x_axis": 40.7422936,
    "y_axis": -73.960683
  },
  "Overlook Dog Park / The Barking Lot": {
    "x_axis": 40.0839163,
    "y_axis": -76.31954
  },
  "Cunningham Park Dog Run": {
    "x_axis": 40.725919,
    "y_axis": -73.775097
  },
  "St. Mary's Park Dog Run": {
    "x_axis": 40.8117387,
    "y_axis": -73.912024
  },
  "Andrew Haswell Green Dog Run": {
    "x_axis": 40.7602226,
    "y_axis": -73.956877
  }
}